policy,S,M,N,F,i,u0,C1,C2,stage,feasible,message,p30,max_delay_ms,mean_delay_ms,unreachable_rate,reachable_count,sample_count,robustness_margin
strict_Tmax30,1580,158,10,27,50.75,18.0,1.0,0.982831,delay_lower_bound_reject,,,,,,,,,
strict_Tmax30,1580,158,10,27,50.75,27.0,0.999995,0.982747,delay_lower_bound_reject,,,,,,,,,
strict_Tmax30,1580,158,10,27,50.75,0.0,1.0,0.982708,delay_lower_bound_reject,,,,,,,,,
strict_Tmax30,1580,158,10,27,50.75,9.0,1.0,0.982686,delay_lower_bound_reject,,,,,,,,,
strict_Tmax30,1580,158,10,27,51.25,18.0,0.999928,0.979734,delay_lower_bound_reject,,,,,,,,,
strict_Tmax30,1580,158,10,27,51.25,27.0,0.999922,0.979664,delay_lower_bound_reject,,,,,,,,,
strict_Tmax30,1580,158,10,27,51.25,9.0,0.999947,0.979663,delay_lower_bound_reject,,,,,,,,,
strict_Tmax30,1580,158,10,27,51.25,0.0,0.999927,0.979643,delay_lower_bound_reject,,,,,,,,,
strict_Tmax30,1580,158,10,26,50.75,9.0,0.999605,0.972622,delay_lower_bound_reject,,,,,,,,,
strict_Tmax30,1580,158,10,26,50.75,18.0,0.999601,0.972584,delay_lower_bound_reject,,,,,,,,,
strict_Tmax30,1580,158,10,26,50.75,0.0,0.999615,0.972485,delay_lower_bound_reject,,,,,,,,,
strict_Tmax30,1580,158,10,26,50.75,27.0,0.999639,0.972432,delay_lower_bound_reject,,,,,,,,,
strict_Tmax30,1580,158,10,26,51.0,9.0,0.999813,0.971409,delay_lower_bound_reject,,,,,,,,,
strict_Tmax30,1580,158,10,26,51.0,0.0,0.999779,0.971358,delay_lower_bound_reject,,,,,,,,,
strict_Tmax30,1580,158,10,26,51.0,27.0,0.999803,0.971329,delay_lower_bound_reject,,,,,,,,,
strict_Tmax30,1580,158,10,26,51.0,18.0,0.999808,0.971277,delay_lower_bound_reject,,,,,,,,,
strict_Tmax30,1580,158,10,26,51.25,27.0,0.999706,0.97033,delay_lower_bound_reject,,,,,,,,,
strict_Tmax30,1580,158,10,26,51.25,9.0,0.999686,0.970303,delay_lower_bound_reject,,,,,,,,,
strict_Tmax30,1580,158,10,26,51.25,18.0,0.999696,0.970269,delay_lower_bound_reject,,,,,,,,,
strict_Tmax30,1580,158,10,26,51.25,0.0,0.999696,0.970041,delay_lower_bound_reject,,,,,,,,,
strict_Tmax30,1580,79,20,39,50.0,4.5,0.999549,0.957186,delay_lower_bound_reject,,,,,,,,,
strict_Tmax30,1580,79,20,39,50.0,9.0,0.999534,0.957153,delay_lower_bound_reject,,,,,,,,,
strict_Tmax30,1580,79,20,39,50.0,13.5,0.999509,0.957133,delay_lower_bound_reject,,,,,,,,,
strict_Tmax30,1580,79,20,39,50.0,0.0,0.999519,0.957117,delay_lower_bound_reject,,,,,,,,,
strict_Tmax30,1580,79,20,39,51.0,9.0,0.99901,0.950714,delay_lower_bound_reject,,,,,,,,,
strict_Tmax30,1600,160,10,28,49.75,27.0,0.99977,0.991081,delay_lower_bound_reject,,,,,,,,,
strict_Tmax30,1600,160,10,28,49.75,9.0,0.999848,0.990677,delay_lower_bound_reject,,,,,,,,,
strict_Tmax30,1600,160,10,28,49.75,18.0,0.999804,0.990623,delay_lower_bound_reject,,,,,,,,,
strict_Tmax30,1600,160,10,28,49.75,0.0,0.999799,0.990524,delay_lower_bound_reject,,,,,,,,,
strict_Tmax30,1600,64,25,16,50.75,3.6,1.0,0.990472,delay_lower_bound_reject,,,,,,,,,
strict_Tmax30,1600,64,25,16,50.75,0.0,0.999995,0.990358,delay_lower_bound_reject,,,,,,,,,
strict_Tmax30,1600,64,25,16,50.75,10.8,1.0,0.990316,delay_lower_bound_reject,,,,,,,,,
strict_Tmax30,1600,64,25,16,50.75,7.2,1.0,0.990304,delay_lower_bound_reject,,,,,,,,,
strict_Tmax30,1600,160,10,28,50.25,27.0,0.999765,0.990049,delay_lower_bound_reject,,,,,,,,,
strict_Tmax30,1600,64,25,15,50.75,7.2,0.999995,0.990014,delay_lower_bound_reject,,,,,,,,,
strict_Tmax30,1600,64,25,15,50.75,10.8,1.0,0.989977,delay_lower_bound_reject,,,,,,,,,
strict_Tmax30,1600,64,25,15,50.75,3.6,0.999995,0.989884,delay_lower_bound_reject,,,,,,,,,
strict_Tmax30,1600,64,25,15,50.75,0.0,0.99999,0.989874,delay_lower_bound_reject,,,,,,,,,
strict_Tmax30,1600,64,25,17,50.75,10.8,0.999961,0.989789,delay_lower_bound_reject,,,,,,,,,
strict_Tmax30,1600,64,25,17,50.75,7.2,0.99998,0.989775,delay_lower_bound_reject,,,,,,,,,
strict_Tmax30,1600,160,10,28,50.25,0.0,0.999775,0.989667,delay_lower_bound_reject,,,,,,,,,
strict_Tmax30,1600,64,25,17,50.75,3.6,0.999971,0.98965,delay_lower_bound_reject,,,,,,,,,
strict_Tmax30,1600,64,25,17,50.75,0.0,0.999976,0.989645,delay_lower_bound_reject,,,,,,,,,
strict_Tmax30,1600,160,10,28,50.25,18.0,0.999795,0.989637,delay_lower_bound_reject,,,,,,,,,
strict_Tmax30,1600,64,25,16,51.0,0.0,0.999986,0.989486,delay_lower_bound_reject,,,,,,,,,
strict_Tmax30,1600,64,25,16,51.0,10.8,0.999986,0.989428,delay_lower_bound_reject,,,,,,,,,
strict_Tmax30,1600,64,25,16,51.0,3.6,0.999976,0.989412,delay_lower_bound_reject,,,,,,,,,
strict_Tmax30,1600,64,25,16,51.0,7.2,0.99999,0.989407,delay_lower_bound_reject,,,,,,,,,
strict_Tmax30,1600,160,10,28,50.25,9.0,0.999834,0.989331,delay_lower_bound_reject,,,,,,,,,
strict_Tmax30,1600,100,16,25,50.0,5.625,0.999858,0.98922,delay_lower_bound_reject,,,,,,,,,
strict_Tmax30,1600,100,16,25,50.0,0.0,0.999841,0.989184,delay_lower_bound_reject,,,,,,,,,
strict_Tmax30,1600,64,25,16,50.0,3.6,0.99907,0.989181,delay_lower_bound_reject,,,,,,,,,
strict_Tmax30,1600,100,16,25,50.0,16.875,0.999854,0.98918,delay_lower_bound_reject,,,,,,,,,
strict_Tmax30,1600,64,25,16,50.0,10.8,0.999085,0.989167,delay_lower_bound_reject,,,,,,,,,
strict_Tmax30,1600,100,16,25,50.0,11.25,0.999841,0.989143,delay_lower_bound_reject,,,,,,,,,
strict_Tmax30,1600,64,25,16,50.0,7.2,0.999088,0.989132,delay_lower_bound_reject,,,,,,,,,
strict_Tmax30,1600,64,25,16,50.0,0.0,0.999082,0.989099,delay_lower_bound_reject,,,,,,,,,
strict_Tmax30,1600,64,25,17,51.25,0.0,0.999975,0.988622,delay_lower_bound_reject,,,,,,,,,
strict_Tmax30,1600,64,25,16,51.25,10.8,0.999943,0.988566,delay_lower_bound_reject,,,,,,,,,
strict_Tmax30,1600,64,25,16,51.25,7.2,0.999923,0.98854,delay_lower_bound_reject,,,,,,,,,
strict_Tmax30,1600,64,25,16,51.25,0.0,0.999943,0.988525,delay_lower_bound_reject,,,,,,,,,
strict_Tmax30,1600,64,25,16,51.25,3.6,0.999923,0.98848,delay_lower_bound_reject,,,,,,,,,
strict_Tmax30,1600,64,25,17,51.25,10.8,0.999966,0.988258,delay_lower_bound_reject,,,,,,,,,
strict_Tmax30,1600,40,40,33,50.0,0.0,0.999853,0.988232,delay_lower_bound_reject,,,,,,,,,
strict_Tmax30,1600,100,16,25,51.0,5.625,0.999995,0.988197,delay_lower_bound_reject,,,,,,,,,
strict_Tmax30,1600,64,25,17,51.25,3.6,0.999971,0.988196,delay_lower_bound_reject,,,,,,,,,
strict_Tmax30,1600,100,16,25,51.0,16.875,0.99999,0.988188,delay_lower_bound_reject,,,,,,,,,
strict_Tmax30,1600,100,16,25,51.0,0.0,0.99999,0.988174,delay_lower_bound_reject,,,,,,,,,
strict_Tmax30,1600,40,40,33,50.0,4.5,0.999839,0.988139,delay_lower_bound_reject,,,,,,,,,
strict_Tmax30,1600,100,16,25,51.0,11.25,0.99999,0.988136,delay_lower_bound_reject,,,,,,,,,
strict_Tmax30,1600,64,25,15,51.25,10.8,0.999975,0.988127,delay_lower_bound_reject,,,,,,,,,
strict_Tmax30,1600,64,25,17,51.25,7.2,0.999975,0.988099,delay_lower_bound_reject,,,,,,,,,
strict_Tmax30,1600,64,25,15,51.25,7.2,0.999966,0.988069,delay_lower_bound_reject,,,,,,,,,
strict_Tmax30,1600,64,25,15,51.25,0.0,0.999966,0.987977,delay_lower_bound_reject,,,,,,,,,
strict_Tmax30,1600,64,25,15,51.25,3.6,0.999975,0.987876,delay_lower_bound_reject,,,,,,,,,
strict_Tmax30,1600,40,40,33,50.0,2.25,0.999839,0.987712,delay_lower_bound_reject,,,,,,,,,
strict_Tmax30,1600,40,40,33,50.0,6.75,0.999834,0.987674,delay_lower_bound_reject,,,,,,,,,
strict_Tmax30,1600,160,10,27,50.0,9.0,1.0,0.987486,delay_lower_bound_reject,,,,,,,,,
strict_Tmax30,1600,160,10,27,50.0,18.0,1.0,0.987371,delay_lower_bound_reject,,,,,,,,,
strict_Tmax30,1600,160,10,27,50.0,0.0,1.0,0.987211,delay_lower_bound_reject,,,,,,,,,
strict_Tmax30,1600,160,10,27,50.0,27.0,1.0,0.987053,delay_lower_bound_reject,,,,,,,,,
strict_Tmax30,1600,160,10,27,50.25,9.0,1.0,0.98618,delay_lower_bound_reject,,,,,,,,,
strict_Tmax30,1600,160,10,27,50.25,0.0,1.0,0.986164,delay_lower_bound_reject,,,,,,,,,
strict_Tmax30,1600,160,10,27,50.25,18.0,1.0,0.986074,delay_lower_bound_reject,,,,,,,,,
strict_Tmax30,1600,160,10,27,50.25,27.0,1.0,0.986001,delay_lower_bound_reject,,,,,,,,,
strict_Tmax30,1600,40,40,33,51.0,4.5,0.99957,0.985254,delay_lower_bound_reject,,,,,,,,,
strict_Tmax30,1600,160,10,27,49.75,18.0,0.999908,0.985181,delay_lower_bound_reject,,,,,,,,,
strict_Tmax30,1600,40,40,33,51.0,0.0,0.999565,0.985138,delay_lower_bound_reject,,,,,,,,,
strict_Tmax30,1600,160,10,27,49.75,0.0,0.999917,0.985099,delay_lower_bound_reject,,,,,,,,,
strict_Tmax30,1600,160,10,27,49.75,9.0,0.999896,0.98505,delay_lower_bound_reject,,,,,,,,,
strict_Tmax30,1600,160,10,27,49.75,27.0,0.999902,0.985023,delay_lower_bound_reject,,,,,,,,,
strict_Tmax30,1600,40,40,33,51.0,2.25,0.999609,0.984815,delay_lower_bound_reject,,,,,,,,,
strict_Tmax30,1600,40,40,33,51.0,6.75,0.999599,0.984793,delay_lower_bound_reject,,,,,,,,,
strict_Tmax30,1600,40,40,39,50.0,4.5,0.999808,0.984228,delay_lower_bound_reject,,,,,,,,,
strict_Tmax30,1600,40,40,39,50.0,6.75,0.999803,0.984094,delay_lower_bound_reject,,,,,,,,,
strict_Tmax30,1600,40,40,39,50.0,2.25,0.999794,0.984064,delay_lower_bound_reject,,,,,,,,,
strict_Tmax30,1600,40,40,39,50.0,0.0,0.999808,0.9839,delay_lower_bound_reject,,,,,,,,,
strict_Tmax30,1600,160,10,26,50.25,9.0,0.999685,0.972025,delay_lower_bound_reject,,,,,,,,,
strict_Tmax30,1600,160,10,26,50.25,18.0,0.999736,0.972023,delay_lower_bound_reject,,,,,,,,,
strict_Tmax30,1600,160,10,26,50.25,27.0,0.999729,0.972019,delay_lower_bound_reject,,,,,,,,,
strict_Tmax30,1600,160,10,26,50.25,0.0,0.999736,0.971921,delay_lower_bound_reject,,,,,,,,,
strict_Tmax30,1620,135,12,90,50.0,7.5,1.0,0.994183,delay_lower_bound_reject,,,,,,,,,
strict_Tmax30,1620,135,12,91,50.25,7.5,0.999991,0.993281,delay_lower_bound_reject,,,,,,,,,
strict_Tmax30,1620,135,12,91,49.75,7.5,1.0,0.993274,delay_lower_bound_reject,,,,,,,,,
strict_Tmax30,1620,135,12,90,50.0,15.0,0.999766,0.993268,delay_lower_bound_reject,,,,,,,,,
strict_Tmax30,1620,135,12,90,50.25,7.5,1.0,0.993151,delay_lower_bound_reject,,,,,,,,,
strict_Tmax30,1620,135,12,90,50.0,0.0,0.999687,0.993112,delay_lower_bound_reject,,,,,,,,,
strict_Tmax30,1620,135,12,90,50.0,22.5,0.999256,0.993099,delay_lower_bound_reject,,,,,,,,,
strict_Tmax30,1620,135,12,91,49.75,0.0,1.0,0.993085,delay_lower_bound_reject,,,,,,,,,
strict_Tmax30,1620,135,12,91,50.25,0.0,0.999995,0.993068,delay_lower_bound_reject,,,,,,,,,
strict_Tmax30,1620,135,12,91,49.75,22.5,1.0,0.993055,delay_lower_bound_reject,,,,,,,,,
strict_Tmax30,1620,135,12,91,49.75,15.0,1.0,0.993004,delay_lower_bound_reject,,,,,,,,,
strict_Tmax30,1620,135,12,91,50.25,15.0,0.999995,0.99285,delay_lower_bound_reject,,,,,,,,,
strict_Tmax30,1620,135,12,90,50.25,15.0,0.999725,0.992636,delay_lower_bound_reject,,,,,,,,,
strict_Tmax30,1620,135,12,91,50.25,22.5,0.999981,0.992612,delay_lower_bound_reject,,,,,,,,,
strict_Tmax30,1620,135,12,90,50.25,0.0,0.999568,0.992441,delay_lower_bound_reject,,,,,,,,,
strict_Tmax30,1620,135,12,90,49.75,7.5,1.0,0.992378,delay_lower_bound_reject,,,,,,,,,
strict_Tmax30,1620,36,45,24,50.0,2.0,0.999961,0.992342,delay_lower_bound_reject,,,,,,,,,
strict_Tmax30,1620,36,45,24,50.0,0.0,0.999971,0.992266,delay_lower_bound_reject,,,,,,,,,
strict_Tmax30,1620,36,45,24,50.0,6.0,0.999976,0.992229,delay_lower_bound_reject,,,,,,,,,
strict_Tmax30,1620,135,12,90,49.75,15.0,0.999921,0.992188,delay_lower_bound_reject,,,,,,,,,
strict_Tmax30,1620,36,45,24,50.0,4.0,0.999971,0.992181,delay_lower_bound_reject,,,,,,,,,
strict_Tmax30,1620,135,12,90,50.25,22.5,0.999136,0.992126,delay_lower_bound_reject,,,,,,,,,
strict_Tmax30,1620,135,12,90,49.75,0.0,0.999689,0.991901,delay_lower_bound_reject,,,,,,,,,
strict_Tmax30,1620,135,12,90,49.75,22.5,0.999453,0.99163,delay_lower_bound_reject,,,,,,,,,
strict_Tmax30,1620,135,12,90,51.0,7.5,1.0,0.990599,delay_lower_bound_reject,,,,,,,,,
strict_Tmax30,1620,135,12,90,51.0,15.0,0.999647,0.990168,delay_lower_bound_reject,,,,,,,,,
strict_Tmax30,1620,36,45,24,51.0,4.0,0.99978,0.989994,delay_lower_bound_reject,,,,,,,,,
strict_Tmax30,1620,36,45,24,51.0,6.0,0.999771,0.98996,delay_lower_bound_reject,,,,,,,,,
strict_Tmax30,1620,36,45,24,51.0,0.0,0.999736,0.989948,delay_lower_bound_reject,,,,,,,,,
strict_Tmax30,1620,36,45,24,51.0,2.0,0.999732,0.989905,delay_lower_bound_reject,,,,,,,,,
strict_Tmax30,1620,135,12,90,51.0,0.0,0.99949,0.989779,delay_lower_bound_reject,,,,,,,,,
strict_Tmax30,1620,36,45,30,50.0,6.0,0.999821,0.988904,delay_lower_bound_reject,,,,,,,,,
strict_Tmax30,1620,36,45,30,50.0,0.0,0.999763,0.988897,delay_lower_bound_reject,,,,,,,,,
strict_Tmax30,1620,36,45,30,50.0,2.0,0.999816,0.988876,delay_lower_bound_reject,,,,,,,,,
strict_Tmax30,1620,36,45,30,50.0,4.0,0.999768,0.98884,delay_lower_bound_reject,,,,,,,,,
strict_Tmax30,1620,60,27,10,50.0,3.333,0.999889,0.98863,delay_lower_bound_reject,,,,,,,,,
strict_Tmax30,1620,60,27,10,50.0,10.0,0.999898,0.988563,delay_lower_bound_reject,,,,,,,,,
strict_Tmax30,1620,60,27,10,50.0,6.667,0.999922,0.988517,delay_lower_bound_reject,,,,,,,,,
strict_Tmax30,1620,60,27,10,50.0,0.0,0.999903,0.98843,delay_lower_bound_reject,,,,,,,,,
strict_Tmax30,1620,90,18,21,49.75,5.0,1.0,0.988029,delay_lower_bound_reject,,,,,,,,,
strict_Tmax30,1620,90,18,21,49.75,15.0,1.0,0.987997,delay_lower_bound_reject,,,,,,,,,
strict_Tmax30,1620,90,18,21,49.75,10.0,1.0,0.987991,delay_lower_bound_reject,,,,,,,,,
strict_Tmax30,1620,90,18,21,49.75,0.0,1.0,0.987967,delay_lower_bound_reject,,,,,,,,,
strict_Tmax30,1620,90,18,21,50.25,5.0,1.0,0.987184,delay_lower_bound_reject,,,,,,,,,
strict_Tmax30,1620,90,18,21,50.25,0.0,1.0,0.987056,delay_lower_bound_reject,,,,,,,,,
strict_Tmax30,1620,90,18,21,50.25,10.0,1.0,0.986968,delay_lower_bound_reject,,,,,,,,,
strict_Tmax30,1620,90,18,22,49.75,0.0,1.0,0.986743,delay_lower_bound_reject,,,,,,,,,
strict_Tmax30,1620,90,18,21,50.25,15.0,1.0,0.986719,delay_lower_bound_reject,,,,,,,,,
strict_Tmax30,1620,90,18,22,49.75,5.0,1.0,0.986588,delay_lower_bound_reject,,,,,,,,,
strict_Tmax30,1620,90,18,22,49.75,15.0,1.0,0.986587,delay_lower_bound_reject,,,,,,,,,
strict_Tmax30,1620,90,18,22,49.75,10.0,1.0,0.986579,delay_lower_bound_reject,,,,,,,,,
strict_Tmax30,1620,135,12,89,49.75,0.0,0.999943,0.98646,delay_lower_bound_reject,,,,,,,,,
strict_Tmax30,1620,135,12,89,49.75,22.5,0.999938,0.986417,delay_lower_bound_reject,,,,,,,,,
strict_Tmax30,1620,135,12,89,49.75,15.0,0.999952,0.986237,delay_lower_bound_reject,,,,,,,,,
strict_Tmax30,1620,135,12,89,49.75,7.5,0.999933,0.986003,delay_lower_bound_reject,,,,,,,,,
strict_Tmax30,1620,90,18,22,50.0,15.0,1.0,0.985899,delay_lower_bound_reject,,,,,,,,,
strict_Tmax30,1620,90,18,22,50.0,0.0,1.0,0.985853,delay_lower_bound_reject,,,,,,,,,
strict_Tmax30,1620,90,18,22,50.0,10.0,1.0,0.985778,delay_lower_bound_reject,,,,,,,,,
strict_Tmax30,1620,90,18,22,50.0,5.0,1.0,0.985719,delay_lower_bound_reject,,,,,,,,,
strict_Tmax30,1620,135,12,89,50.25,22.5,0.999995,0.985719,delay_lower_bound_reject,,,,,,,,,
strict_Tmax30,1620,135,12,89,50.25,0.0,0.999995,0.985652,delay_lower_bound_reject,,,,,,,,,
strict_Tmax30,1620,135,12,89,50.25,15.0,1.0,0.985309,delay_lower_bound_reject,,,,,,,,,
strict_Tmax30,1620,135,12,89,50.25,7.5,0.99999,0.985146,delay_lower_bound_reject,,,,,,,,,
strict_Tmax30,1620,90,18,22,50.25,15.0,1.0,0.98498,delay_lower_bound_reject,,,,,,,,,
strict_Tmax30,1620,90,18,22,50.25,0.0,1.0,0.98486,delay_lower_bound_reject,,,,,,,,,
strict_Tmax30,1620,90,18,22,50.25,5.0,1.0,0.984813,delay_lower_bound_reject,,,,,,,,,
strict_Tmax30,1620,90,18,22,50.25,10.0,1.0,0.984711,delay_lower_bound_reject,,,,,,,,,
strict_Tmax30,1620,60,27,10,51.0,6.667,0.999995,0.983057,delay_lower_bound_reject,,,,,,,,,
strict_Tmax30,1620,60,27,10,51.0,0.0,0.99999,0.983042,delay_lower_bound_reject,,,,,,,,,
strict_Tmax30,1620,60,27,10,51.0,10.0,0.999985,0.982924,delay_lower_bound_reject,,,,,,,,,
strict_Tmax30,1620,60,27,10,51.0,3.333,0.999981,0.982905,delay_lower_bound_reject,,,,,,,,,
strict_Tmax30,1620,90,18,23,49.75,0.0,1.0,0.980854,delay_lower_bound_reject,,,,,,,,,
strict_Tmax30,1620,90,18,23,49.75,5.0,1.0,0.98071,delay_lower_bound_reject,,,,,,,,,
strict_Tmax30,1620,90,18,23,49.75,10.0,1.0,0.980638,delay_lower_bound_reject,,,,,,,,,
strict_Tmax30,1620,90,18,23,49.75,15.0,1.0,0.980479,delay_lower_bound_reject,,,,,,,,,
strict_Tmax30,1620,90,18,23,50.25,15.0,1.0,0.980124,delay_lower_bound_reject,,,,,,,,,
strict_Tmax30,1620,90,18,23,50.25,5.0,1.0,0.980028,delay_lower_bound_reject,,,,,,,,,
strict_Tmax30,1620,90,18,23,50.25,10.0,1.0,0.979915,delay_lower_bound_reject,,,,,,,,,
strict_Tmax30,1620,90,18,23,50.25,0.0,1.0,0.979892,delay_lower_bound_reject,,,,,,,,,
strict_Tmax30,1620,36,45,18,51.0,4.0,0.99908,0.978059,delay_lower_bound_reject,,,,,,,,,
strict_Tmax30,1620,36,45,18,51.0,0.0,0.999085,0.978023,delay_lower_bound_reject,,,,,,,,,
strict_Tmax30,1620,36,45,18,51.0,6.0,0.999051,0.977972,delay_lower_bound_reject,,,,,,,,,
strict_Tmax30,1620,36,45,18,51.0,2.0,0.999075,0.97785,delay_lower_bound_reject,,,,,,,,,
strict_Tmax30,1620,36,45,35,50.0,2.0,0.999144,0.974333,delay_lower_bound_reject,,,,,,,,,
strict_Tmax30,1620,36,45,35,50.0,4.0,0.999129,0.974214,delay_lower_bound_reject,,,,,,,,,
strict_Tmax30,1620,36,45,35,50.0,0.0,0.999115,0.974129,delay_lower_bound_reject,,,,,,,,,
strict_Tmax30,1620,36,45,35,50.0,6.0,0.99911,0.974116,delay_lower_bound_reject,,,,,,,,,
strict_Tmax30,1640,40,41,34,50.25,0.0,1.0,0.993529,delay_lower_bound_reject,,,,,,,,,
strict_Tmax30,1640,40,41,34,50.25,4.39,1.0,0.993524,delay_lower_bound_reject,,,,,,,,,
strict_Tmax30,1640,40,41,34,49.75,4.39,1.0,0.993489,delay_lower_bound_reject,,,,,,,,,
strict_Tmax30,1640,40,41,32,50.25,6.585,0.999957,0.993481,delay_lower_bound_reject,,,,,,,,,
strict_Tmax30,1640,40,41,34,50.25,6.585,0.999995,0.993439,delay_lower_bound_reject,,,,,,,,,
strict_Tmax30,1640,40,41,34,49.75,0.0,1.0,0.993436,delay_lower_bound_reject,,,,,,,,,
strict_Tmax30,1640,40,41,32,50.25,0.0,0.999918,0.993388,delay_lower_bound_reject,,,,,,,,,
strict_Tmax30,1640,40,41,34,50.25,2.195,0.99999,0.993376,delay_lower_bound_reject,,,,,,,,,
strict_Tmax30,1640,40,41,32,50.25,2.195,0.999942,0.993358,delay_lower_bound_reject,,,,,,,,,
strict_Tmax30,1640,40,41,34,49.75,2.195,0.999995,0.993341,delay_lower_bound_reject,,,,,,,,,
strict_Tmax30,1640,40,41,32,50.25,4.39,0.999928,0.99334,delay_lower_bound_reject,,,,,,,,,
strict_Tmax30,1640,40,41,34,49.75,6.585,1.0,0.993333,delay_lower_bound_reject,,,,,,,,,
strict_Tmax30,1640,40,41,33,50.0,2.195,1.0,0.993202,delay_lower_bound_reject,,,,,,,,,
strict_Tmax30,1640,40,41,33,50.0,0.0,1.0,0.993175,delay_lower_bound_reject,,,,,,,,,
strict_Tmax30,1640,40,41,33,50.0,4.39,1.0,0.993153,delay_lower_bound_reject,,,,,,,,,
strict_Tmax30,1640,40,41,33,50.0,6.585,1.0,0.993082,delay_lower_bound_reject,,,,,,,,,
strict_Tmax30,1640,40,41,33,50.25,2.195,1.0,0.992653,delay_lower_bound_reject,,,,,,,,,
strict_Tmax30,1640,40,41,33,50.25,0.0,1.0,0.992649,delay_lower_bound_reject,,,,,,,,,
strict_Tmax30,1640,40,41,33,50.25,4.39,1.0,0.992569,delay_lower_bound_reject,,,,,,,,,
strict_Tmax30,1640,40,41,33,50.25,6.585,1.0,0.992439,delay_lower_bound_reject,,,,,,,,,
strict_Tmax30,1640,40,41,32,49.75,4.39,1.0,0.992297,delay_lower_bound_reject,,,,,,,,,
strict_Tmax30,1640,40,41,32,49.75,0.0,0.999995,0.992241,delay_lower_bound_reject,,,,,,,,,
strict_Tmax30,1640,40,41,33,49.75,0.0,1.0,0.992237,delay_lower_bound_reject,,,,,,,,,
strict_Tmax30,1640,40,41,33,49.75,2.195,1.0,0.992153,delay_lower_bound_reject,,,,,,,,,
strict_Tmax30,1640,40,41,32,49.75,2.195,0.99999,0.992135,delay_lower_bound_reject,,,,,,,,,
strict_Tmax30,1640,40,41,33,49.75,6.585,1.0,0.992042,delay_lower_bound_reject,,,,,,,,,
strict_Tmax30,1640,40,41,33,49.75,4.39,1.0,0.992,delay_lower_bound_reject,,,,,,,,,
strict_Tmax30,1640,40,41,32,49.75,6.585,0.99999,0.991908,delay_lower_bound_reject,,,,,,,,,
strict_Tmax30,1640,40,41,39,50.0,6.585,0.99977,0.991897,delay_lower_bound_reject,,,,,,,,,
strict_Tmax30,1640,40,41,39,50.0,0.0,0.999761,0.991887,delay_lower_bound_reject,,,,,,,,,
strict_Tmax30,1640,40,41,39,50.0,4.39,0.999765,0.991886,delay_lower_bound_reject,,,,,,,,,
strict_Tmax30,1640,40,41,39,50.0,2.195,0.999785,0.991718,delay_lower_bound_reject,,,,,,,,,
strict_Tmax30,1640,40,41,33,51.0,4.39,1.0,0.991074,delay_lower_bound_reject,,,,,,,,,
strict_Tmax30,1640,40,41,33,51.0,6.585,1.0,0.991048,delay_lower_bound_reject,,,,,,,,,
strict_Tmax30,1640,40,41,33,51.0,0.0,1.0,0.991045,delay_lower_bound_reject,,,,,,,,,
strict_Tmax30,1640,40,41,33,51.0,2.195,1.0,0.990863,delay_lower_bound_reject,,,,,,,,,
strict_Tmax30,1640,41,40,34,50.0,4.5,1.0,0.990483,delay_lower_bound_reject,,,,,,,,,
strict_Tmax30,1640,41,40,34,50.0,6.75,1.0,0.990469,delay_lower_bound_reject,,,,,,,,,
strict_Tmax30,1640,41,40,34,50.0,2.25,1.0,0.990449,delay_lower_bound_reject,,,,,,,,,
strict_Tmax30,1640,41,40,34,50.0,0.0,1.0,0.990448,delay_lower_bound_reject,,,,,,,,,
strict_Tmax30,1640,40,41,1,50.0,2.195,1.0,0.989467,delay_lower_bound_reject,,,,,,,,,
strict_Tmax30,1640,40,41,1,50.0,4.39,1.0,0.98935,delay_lower_bound_reject,,,,,,,,,
strict_Tmax30,1640,40,41,1,50.0,0.0,1.0,0.989339,delay_lower_bound_reject,,,,,,,,,
strict_Tmax30,1640,41,40,40,50.0,0.0,0.999976,0.989305,delay_lower_bound_reject,,,,,,,,,
strict_Tmax30,1640,40,41,1,50.0,6.585,1.0,0.989294,delay_lower_bound_reject,,,,,,,,,
strict_Tmax30,1640,41,40,40,50.0,6.75,0.99999,0.989269,delay_lower_bound_reject,,,,,,,,,
strict_Tmax30,1640,40,41,39,51.0,6.585,1.0,0.98926,delay_lower_bound_reject,,,,,,,,,
strict_Tmax30,1640,40,41,39,51.0,4.39,1.0,0.989191,delay_lower_bound_reject,,,,,,,,,
strict_Tmax30,1640,40,41,39,51.0,2.195,1.0,0.989142,delay_lower_bound_reject,,,,,,,,,
strict_Tmax30,1640,41,40,40,50.0,2.25,0.999986,0.989141,delay_lower_bound_reject,,,,,,,,,
strict_Tmax30,1640,40,41,39,51.0,0.0,1.0,0.989139,delay_lower_bound_reject,,,,,,,,,
strict_Tmax30,1640,41,40,40,50.0,4.5,0.999995,0.989121,delay_lower_bound_reject,,,,,,,,,
strict_Tmax30,1640,41,40,1,50.0,4.5,1.0,0.98872,delay_lower_bound_reject,,,,,,,,,
strict_Tmax30,1640,41,40,1,50.0,2.25,1.0,0.988537,delay_lower_bound_reject,,,,,,,,,
strict_Tmax30,1640,41,40,1,50.0,6.75,1.0,0.98848,delay_lower_bound_reject,,,,,,,,,
strict_Tmax30,1640,41,40,1,50.0,0.0,1.0,0.988412,delay_lower_bound_reject,,,,,,,,,
P30_ge_0.95,1580,158,10,27,50.75,18.0,1.0,0.982831,communication_eval,False,p30_upper_bound_below_threshold,0.015229615745079663,241.92884828655394,83.36159618282845,0.0,836.0,836.0,-0.9347703842549203
P30_ge_0.95,1580,158,10,27,50.75,27.0,0.999995,0.982747,communication_eval,False,p30_upper_bound_below_threshold,0.01499531396438613,238.35703762741943,82.33726588680487,0.0,833.0,833.0,-0.9350046860356138
P30_ge_0.95,1580,158,10,27,50.75,0.0,1.0,0.982708,communication_eval,False,p30_upper_bound_below_threshold,0.014839112777257107,242.5226454837822,83.4930429428796,0.0,831.0,831.0,-0.9351608872227428
P30_ge_0.95,1580,158,10,27,50.75,9.0,1.0,0.982686,communication_eval,False,p30_upper_bound_below_threshold,0.01507341455795064,181.72360279943967,81.21335797572375,0.0,834.0,834.0,-0.9349265854420493
P30_ge_0.95,1580,158,10,27,51.25,18.0,0.999928,0.979734,communication_eval,False,p30_upper_bound_below_threshold,0.016635426429240863,241.50471619288447,79.8070063455675,0.0,854.0,854.0,-0.9333645735707591
P30_ge_0.95,1580,158,10,27,51.25,27.0,0.999922,0.979664,communication_eval,False,p30_upper_bound_below_threshold,0.01569821930646673,237.9645005794578,80.29312413987547,0.0,842.0,842.0,-0.9343017806935332
P30_ge_0.95,1580,158,10,27,51.25,9.0,0.999947,0.979663,communication_eval,False,p30_upper_bound_below_threshold,0.015854420493595752,181.5546011997487,79.48429758835145,0.0,844.0,844.0,-0.9341455795064042
P30_ge_0.95,1580,158,10,27,51.25,0.0,0.999927,0.979643,communication_eval,False,p30_upper_bound_below_threshold,0.01569821930646673,209.774336183942,81.58412573971279,0.0,842.0,842.0,-0.9343017806935332
P30_ge_0.95,1580,158,10,26,50.75,9.0,0.999605,0.972622,communication_eval,False,p30_upper_bound_below_threshold,0.015229615745079663,272.7320374010481,81.4219351020335,0.0,836.0,836.0,-0.9347703842549203
P30_ge_0.95,1580,158,10,26,50.75,18.0,0.999601,0.972584,communication_eval,False,p30_upper_bound_below_threshold,0.014917213370821619,244.10879918881463,82.8382029451895,0.0,832.0,832.0,-0.9350827866291783
P30_ge_0.95,1580,158,10,26,50.75,0.0,0.999615,0.972485,communication_eval,False,p30_upper_bound_below_threshold,0.01507341455795064,201.6343577238253,81.64870177936038,0.0,834.0,834.0,-0.9349265854420493
P30_ge_0.95,1580,158,10,26,50.75,27.0,0.999639,0.972432,communication_eval,False,p30_upper_bound_below_threshold,0.014214308028741018,255.74499771343073,83.7114085365431,0.0,823.0,823.0,-0.9357856919712589
P30_ge_0.95,1580,158,10,26,51.0,9.0,0.999813,0.971409,communication_eval,False,p30_upper_bound_below_threshold,0.01640112464854733,244.01987640629272,78.43484121566667,0.0,851.0,851.0,-0.9335988753514526
P30_ge_0.95,1580,158,10,26,51.0,0.0,0.999779,0.971358,communication_eval,False,p30_upper_bound_below_threshold,0.01507341455795064,240.48262102205715,82.78858480566517,0.0,834.0,834.0,-0.9349265854420493
P30_ge_0.95,1580,158,10,26,51.0,27.0,0.999803,0.971329,communication_eval,False,p30_upper_bound_below_threshold,0.01429240862230553,255.58502901752328,83.58814390410336,0.0,824.0,824.0,-0.9357075913776944
P30_ge_0.95,1580,158,10,26,51.0,18.0,0.999808,0.971277,communication_eval,False,p30_upper_bound_below_threshold,0.01577631990003124,243.88506011086466,80.6926171014947,0.0,843.0,843.0,-0.9342236800999687
P30_ge_0.95,1580,158,10,26,51.25,27.0,0.999706,0.97033,communication_eval,False,p30_upper_bound_below_threshold,0.015463917525773196,255.4244742904121,80.90301515185404,0.0,839.0,839.0,-0.9345360824742268
P30_ge_0.95,1580,158,10,26,51.25,9.0,0.999686,0.970303,communication_eval,False,p30_upper_bound_below_threshold,0.01718213058419244,243.80796877714403,77.79711613880343,0.0,861.0,861.0,-0.9328178694158075
P30_ge_0.95,1580,158,10,26,51.25,18.0,0.999696,0.970269,communication_eval,False,p30_upper_bound_below_threshold,0.01647922524211184,243.66371900997703,79.55396236232865,0.0,852.0,852.0,-0.9335207747578881
P30_ge_0.95,1580,158,10,26,51.25,0.0,0.999696,0.970041,communication_eval,False,p30_upper_bound_below_threshold,0.016244923461418308,240.27099753297915,80.03702818731091,0.0,849.0,849.0,-0.9337550765385817
P30_ge_0.95,1580,79,20,39,50.0,4.5,0.999549,0.957186,communication_eval,False,p30_upper_bound_below_threshold,0.02592939706341768,142.9251986703598,43.4284974308892,0.0,973.0,973.0,-0.9240706029365823
P30_ge_0.95,1580,79,20,39,50.0,9.0,0.999534,0.957153,communication_eval,False,p30_upper_bound_below_threshold,0.025382692908466103,180.94595803126555,46.00202379232461,0.0,966.0,966.0,-0.9246173070915339
P30_ge_0.95,1580,79,20,39,50.0,13.5,0.999509,0.957133,communication_eval,False,p30_upper_bound_below_threshold,0.026085598250546703,167.66030580956203,44.451672730908896,0.0,975.0,975.0,-0.9239144017494533
P30_ge_0.95,1580,79,20,39,50.0,0.0,0.999519,0.957117,communication_eval,False,p30_upper_bound_below_threshold,0.029756326148078726,170.4584373950526,44.1281578040681,0.021526418786692758,1000.0,1022.0,-0.9202436738519212
P30_ge_0.95,1580,79,20,39,51.0,9.0,0.99901,0.950714,communication_eval,False,p30_upper_bound_below_threshold,0.030927835051546393,181.98151823545072,42.26890742677881,0.0,1037.0,1037.0,-0.9190721649484536
P30_ge_0.95,1600,160,10,28,49.75,27.0,0.99977,0.991081,communication_eval,False,p30_upper_bound_below_threshold,0.012027491408934709,180.2600261390962,90.36077002337682,0.0,795.0,795.0,-0.9379725085910653
P30_ge_0.95,1600,160,10,28,49.75,9.0,0.999848,0.990677,communication_eval,False,p30_upper_bound_below_threshold,0.012417994376757264,180.05065078836725,89.63985890735682,0.0,800.0,800.0,-0.9375820056232427
P30_ge_0.95,1600,160,10,28,49.75,18.0,0.999804,0.990623,communication_eval,False,p30_upper_bound_below_threshold,0.011636988441112153,234.82198397050882,90.78433953417598,0.0,790.0,790.0,-0.9383630115588878
P30_ge_0.95,1600,160,10,28,49.75,0.0,0.999799,0.990524,communication_eval,False,p30_upper_bound_below_threshold,0.01148078725398313,275.13677179696003,91.40204560088691,0.0,788.0,788.0,-0.9385192127460168
P30_ge_0.95,1600,64,25,16,50.75,3.6,1.0,0.990472,communication_eval,False,p30_upper_bound_below_threshold,0.046704154951577634,109.86391582676752,34.47538412156404,0.0,1239.0,1239.0,-0.9032958450484223
P30_ge_0.95,1600,64,25,16,50.75,0.0,0.999995,0.990358,communication_eval,False,p30_upper_bound_below_threshold,0.04662605435801312,113.3078594390021,34.45210346434986,0.0,1238.0,1238.0,-0.9033739456419868
P30_ge_0.95,1600,64,25,16,50.75,10.8,1.0,0.990316,communication_eval,False,p30_upper_bound_below_threshold,0.045688847235238986,113.3353955448263,34.62927925344246,0.0,1226.0,1226.0,-0.9043111527647609
P30_ge_0.95,1600,64,25,16,50.75,7.2,1.0,0.990304,communication_eval,False,p30_upper_bound_below_threshold,0.046079350203061545,79.57568792780147,34.24109641722146,0.0,1231.0,1231.0,-0.9039206497969384
P30_ge_0.95,1600,160,10,28,50.25,27.0,0.999765,0.990049,communication_eval,False,p30_upper_bound_below_threshold,0.014839112777257107,180.08452594132268,84.74387417495372,0.0,831.0,831.0,-0.9351608872227428
P30_ge_0.95,1600,64,25,15,50.75,7.2,0.999995,0.990014,communication_eval,False,p30_upper_bound_below_threshold,0.031708840987191504,145.7733942044095,43.1365219046326,0.0,1047.0,1047.0,-0.9182911590128084
P30_ge_0.95,1600,64,25,15,50.75,10.8,1.0,0.989977,communication_eval,False,p30_upper_bound_below_threshold,0.03163074039362699,145.78893661101594,43.78614233734558,0.0,1046.0,1046.0,-0.918369259606373
P30_ge_0.95,1600,64,25,15,50.75,3.6,0.999995,0.989884,communication_eval,False,p30_upper_bound_below_threshold,0.03163074039362699,145.7580533036619,43.08872735941961,0.0,1046.0,1046.0,-0.918369259606373
P30_ge_0.95,1600,64,25,15,50.75,0.0,0.99999,0.989874,communication_eval,False,p30_upper_bound_below_threshold,0.03202124336144955,140.0416674780845,42.73188467117857,0.0,1051.0,1051.0,-0.9179787566385504
P30_ge_0.95,1600,64,25,17,50.75,10.8,0.999961,0.989789,communication_eval,False,p30_upper_bound_below_threshold,0.03631677600749766,93.21412073290179,38.08802947413816,0.0,1106.0,1106.0,-0.9136832239925023
P30_ge_0.95,1600,64,25,17,50.75,7.2,0.99998,0.989775,communication_eval,False,p30_upper_bound_below_threshold,0.03569197125898157,117.04084738676282,38.578163787255974,0.0,1098.0,1098.0,-0.9143080287410184
P30_ge_0.95,1600,160,10,28,50.25,0.0,0.999775,0.989667,communication_eval,False,p30_upper_bound_below_threshold,0.013433302093095907,274.66879358640165,86.73759722951318,0.0,813.0,813.0,-0.936566697906904
P30_ge_0.95,1600,64,25,17,50.75,3.6,0.999971,0.98965,communication_eval,False,p30_upper_bound_below_threshold,0.03647297719462668,93.31509008617913,38.221795948933874,0.0,1108.0,1108.0,-0.9135270228053732
P30_ge_0.95,1600,64,25,17,50.75,0.0,0.999976,0.989645,communication_eval,False,p30_upper_bound_below_threshold,0.03623867541393314,139.48463563563593,38.53912145855962,0.0,1105.0,1105.0,-0.9137613245860668
P30_ge_0.95,1600,160,10,28,50.25,18.0,0.999795,0.989637,communication_eval,False,p30_upper_bound_below_threshold,0.01288659793814433,201.85004868746103,86.99725998339129,0.0,806.0,806.0,-0.9371134020618557
P30_ge_0.95,1600,64,25,16,51.0,0.0,0.999986,0.989486,communication_eval,False,p30_upper_bound_below_threshold,0.042877225866916585,110.3888820872742,35.842832338737544,0.0,1190.0,1190.0,-0.9071227741330834
P30_ge_0.95,1600,64,25,16,51.0,10.8,0.999986,0.989428,communication_eval,False,p30_upper_bound_below_threshold,0.04397063417681974,113.68633963748788,35.90483519579148,0.0,1204.0,1204.0,-0.9060293658231802
P30_ge_0.95,1600,64,25,16,51.0,3.6,0.999976,0.989412,communication_eval,False,p30_upper_bound_below_threshold,0.043502030615432674,110.19055817287884,36.07071833321105,0.0,1198.0,1198.0,-0.9064979693845673
P30_ge_0.95,1600,64,25,16,51.0,7.2,0.99999,0.989407,communication_eval,False,p30_upper_bound_below_threshold,0.0443611371446423,85.86757861393758,35.25242395802789,0.0,1209.0,1209.0,-0.9056388628553577
P30_ge_0.95,1600,160,10,28,50.25,9.0,0.999834,0.989331,communication_eval,False,p30_upper_bound_below_threshold,0.014058106841611996,179.8845330125287,85.40500344210216,0.0,821.0,821.0,-0.9359418931583879
P30_ge_0.95,1600,100,16,25,50.0,5.625,0.999858,0.98922,communication_eval,False,p30_upper_bound_below_threshold,0.015307716338644174,176.03590706736162,68.81099151477251,0.0,837.0,837.0,-0.9346922836613558
P30_ge_0.95,1600,100,16,25,50.0,0.0,0.999841,0.989184,communication_eval,False,p30_upper_bound_below_threshold,0.01577631990003124,175.8439542146715,68.67596854991547,0.0,843.0,843.0,-0.9342236800999687
P30_ge_0.95,1600,64,25,16,50.0,3.6,0.99907,0.989181,communication_eval,False,p30_upper_bound_below_threshold,0.03467666354264293,94.49581611242373,37.403460891289384,0.0,1085.0,1085.0,-0.915323336457357
P30_ge_0.95,1600,100,16,25,50.0,16.875,0.999854,0.98918,communication_eval,False,p30_upper_bound_below_threshold,0.015463917525773196,175.8437624321927,68.6750442851032,0.0,839.0,839.0,-0.9345360824742268
P30_ge_0.95,1600,64,25,16,50.0,10.8,0.999085,0.989167,communication_eval,False,p30_upper_bound_below_threshold,0.03420805998125586,101.00873407198715,36.46508896755908,0.04077849860982391,1035.0,1079.0,-0.9157919400187441
P30_ge_0.95,1600,100,16,25,50.0,11.25,0.999841,0.989143,communication_eval,False,p30_upper_bound_below_threshold,0.014917213370821619,175.74430238635324,68.41832944456118,0.026442307692307692,810.0,832.0,-0.9350827866291783
P30_ge_0.95,1600,64,25,16,50.0,7.2,0.999088,0.989132,communication_eval,False,p30_upper_bound_below_threshold,0.035379568884723524,80.04713016483804,36.416895394365184,0.02010968921389397,1072.0,1094.0,-0.9146204311152765
P30_ge_0.95,1600,64,25,16,50.0,0.0,0.999082,0.989099,communication_eval,False,p30_upper_bound_below_threshold,0.03350515463917526,107.74824845738786,37.003405971367926,0.020560747663551402,1048.0,1070.0,-0.9164948453608247
P30_ge_0.95,1600,64,25,17,51.25,0.0,0.999975,0.988622,communication_eval,False,p30_upper_bound_below_threshold,0.03881599500156201,139.7133840746482,37.27129057278256,0.0,1138.0,1138.0,-0.911184004998438
P30_ge_0.95,1600,64,25,16,51.25,10.8,0.999943,0.988566,communication_eval,False,p30_upper_bound_below_threshold,0.035535770071852546,113.25114334290538,37.482002287230515,0.0,1096.0,1096.0,-0.9144642299281474
P30_ge_0.95,1600,64,25,16,51.25,7.2,0.999923,0.98854,communication_eval,False,p30_upper_bound_below_threshold,0.038425492033739454,88.28199789973768,36.543446110977314,0.0,1133.0,1133.0,-0.9115745079662605
P30_ge_0.95,1600,64,25,16,51.25,0.0,0.999943,0.988525,communication_eval,False,p30_upper_bound_below_threshold,0.035145267104029994,117.03681352387196,37.60353046470185,0.0,1091.0,1091.0,-0.91485473289597
P30_ge_0.95,1600,64,25,16,51.25,3.6,0.999923,0.98848,communication_eval,False,p30_upper_bound_below_threshold,0.03647297719462668,116.83281110316966,37.283993476378214,0.0,1108.0,1108.0,-0.9135270228053732
P30_ge_0.95,1600,64,25,17,51.25,10.8,0.999966,0.988258,communication_eval,False,p30_upper_bound_below_threshold,0.03936269915651359,93.43180206124988,36.840496127042584,0.0,1145.0,1145.0,-0.9106373008434864
P30_ge_0.95,1600,40,40,33,50.0,0.0,0.999853,0.988232,communication_eval,False,p30_upper_bound_below_threshold,0.070446735395189,59.10686273949171,29.792120711302,0.0,1543.0,1543.0,-0.879553264604811
P30_ge_0.95,1600,100,16,25,51.0,5.625,0.999995,0.988197,communication_eval,False,p30_upper_bound_below_threshold,0.019681349578256794,175.18013756334514,61.68434896458134,0.0,893.0,893.0,-0.9303186504217431
P30_ge_0.95,1600,64,25,17,51.25,3.6,0.999971,0.988196,communication_eval,False,p30_upper_bound_below_threshold,0.04108091221493283,107.327146917022,37.056248601913786,0.0,1167.0,1167.0,-0.9089190877850671
P30_ge_0.95,1600,100,16,25,51.0,16.875,0.99999,0.988188,communication_eval,False,p30_upper_bound_below_threshold,0.018978444236176194,173.15130626386562,63.067491301714334,0.0,884.0,884.0,-0.9310215557638237
P30_ge_0.95,1600,100,16,25,51.0,0.0,0.99999,0.988174,communication_eval,False,p30_upper_bound_below_threshold,0.019134645423305216,173.14350270658275,61.68764108327031,0.0,886.0,886.0,-0.9308653545766947
P30_ge_0.95,1600,40,40,33,50.0,4.5,0.999839,0.988139,communication_eval,False,p30_upper_bound_below_threshold,0.07294595438925336,105.9071960057718,29.91348827185196,0.0,1575.0,1575.0,-0.8770540456107466
P30_ge_0.95,1600,100,16,25,51.0,11.25,0.99999,0.988136,communication_eval,False,p30_upper_bound_below_threshold,0.01866604186191815,175.23604012240529,62.750379406210854,0.0,880.0,880.0,-0.9313339581380818
P30_ge_0.95,1600,64,25,15,51.25,10.8,0.999975,0.988127,communication_eval,False,p30_upper_bound_below_threshold,0.03420805998125586,139.61340698874076,42.79452415847641,0.0,1079.0,1079.0,-0.9157919400187441
P30_ge_0.95,1600,64,25,17,51.25,7.2,0.999975,0.988099,communication_eval,False,p30_upper_bound_below_threshold,0.03850359262730397,117.21256394538226,37.485821354667245,0.0,1134.0,1134.0,-0.911496407372696
P30_ge_0.95,1600,64,25,15,51.25,7.2,0.999966,0.988069,communication_eval,False,p30_upper_bound_below_threshold,0.034129959387691346,132.74320625737718,42.28226286254875,0.0,1078.0,1078.0,-0.9158700406123086
P30_ge_0.95,1600,64,25,15,51.25,0.0,0.999966,0.987977,communication_eval,False,p30_upper_bound_below_threshold,0.03350515463917526,120.61605231159194,41.69908089715662,0.0,1070.0,1070.0,-0.9164948453608247
P30_ge_0.95,1600,64,25,15,51.25,3.6,0.999975,0.987876,communication_eval,False,p30_upper_bound_below_threshold,0.03327085285848173,132.7299899520789,42.09572507723596,0.0,1067.0,1067.0,-0.9167291471415182
P30_ge_0.95,1600,40,40,33,50.0,2.25,0.999839,0.987712,communication_eval,False,p30_upper_bound_below_threshold,0.07224304904717276,67.64533673958483,30.00702101257458,0.0,1566.0,1566.0,-0.8777569509528272
P30_ge_0.95,1600,40,40,33,50.0,6.75,0.999834,0.987674,communication_eval,False,p30_upper_bound_below_threshold,0.06935332708528585,65.50280710646489,30.081206835017465,0.0,1529.0,1529.0,-0.8806466729147141
P30_ge_0.95,1600,160,10,27,50.0,9.0,1.0,0.987486,communication_eval,False,p30_upper_bound_below_threshold,0.011871290221805686,208.01934840449871,89.91571577194998,0.0,793.0,793.0,-0.9381287097781943
P30_ge_0.95,1600,160,10,27,50.0,18.0,1.0,0.987371,communication_eval,False,p30_upper_bound_below_threshold,0.01288659793814433,243.889386234146,88.70750756783552,0.0,806.0,806.0,-0.9371134020618557
P30_ge_0.95,1600,160,10,27,50.0,0.0,1.0,0.987211,communication_eval,False,p30_upper_bound_below_threshold,0.013277100905966885,244.22102148891196,87.67439194360284,0.0,811.0,811.0,-0.9367228990940331
P30_ge_0.95,1600,160,10,27,50.0,27.0,1.0,0.987053,communication_eval,False,p30_upper_bound_below_threshold,0.012417994376757264,300.91310783964303,89.25497887833099,0.0,800.0,800.0,-0.9375820056232427
P30_ge_0.95,1600,160,10,27,50.25,9.0,1.0,0.98618,communication_eval,False,p30_upper_bound_below_threshold,0.012730396751015307,207.81398656100632,87.68157895228671,0.0,804.0,804.0,-0.9372696032489847
P30_ge_0.95,1600,160,10,27,50.25,0.0,1.0,0.986164,communication_eval,False,p30_upper_bound_below_threshold,0.01429240862230553,307.72539575045727,86.68902701577318,0.0,824.0,824.0,-0.9357075913776944
P30_ge_0.95,1600,160,10,27,50.25,18.0,1.0,0.986074,communication_eval,False,p30_upper_bound_below_threshold,0.01358950328022493,243.66681434950166,87.05643509577233,0.0,815.0,815.0,-0.936410496719775
P30_ge_0.95,1600,160,10,27,50.25,27.0,1.0,0.986001,communication_eval,False,p30_upper_bound_below_threshold,0.013433302093095907,300.71589864409526,87.50295387299556,0.0,813.0,813.0,-0.936566697906904
P30_ge_0.95,1600,40,40,33,51.0,4.5,0.99957,0.985254,communication_eval,False,p30_upper_bound_below_threshold,0.08575445173383317,105.18592247830112,28.891849704476204,0.0,1739.0,1739.0,-0.8642455482661668
P30_ge_0.95,1600,160,10,27,49.75,18.0,0.999908,0.985181,communication_eval,False,p30_upper_bound_below_threshold,0.01148078725398313,244.11361241276398,92.04434361480135,0.0,788.0,788.0,-0.9385192127460168
P30_ge_0.95,1600,40,40,33,51.0,0.0,0.999565,0.985138,communication_eval,False,p30_upper_bound_below_threshold,0.08184942205560762,105.21365342744184,29.007157003836078,0.0,1689.0,1689.0,-0.8681505779443923
P30_ge_0.95,1600,160,10,27,49.75,0.0,0.999917,0.985099,communication_eval,False,p30_upper_bound_below_threshold,0.01148078725398313,305.6691742986369,91.63903323472482,0.0,788.0,788.0,-0.9385192127460168
P30_ge_0.95,1600,160,10,27,49.75,9.0,0.999896,0.98505,communication_eval,False,p30_upper_bound_below_threshold,0.01077788191190253,240.3743264342802,92.91293270436417,0.0,779.0,779.0,-0.9392221180880974
P30_ge_0.95,1600,160,10,27,49.75,27.0,0.999902,0.985023,communication_eval,False,p30_upper_bound_below_threshold,0.012417994376757264,301.10960275716184,90.40267546505993,0.0,800.0,800.0,-0.9375820056232427
P30_ge_0.95,1600,40,40,33,51.0,2.25,0.999609,0.984815,communication_eval,False,p30_upper_bound_below_threshold,0.08411433926897845,65.26031510328033,28.984542000427833,0.0,1718.0,1718.0,-0.8658856607310215
P30_ge_0.95,1600,40,40,33,51.0,6.75,0.999599,0.984793,communication_eval,False,p30_upper_bound_below_threshold,0.08552014995313964,64.77102846956767,28.938225284054425,0.0,1736.0,1736.0,-0.8644798500468603
P30_ge_0.95,1600,40,40,39,50.0,4.5,0.999808,0.984228,communication_eval,False,p30_upper_bound_below_threshold,0.10543580131208997,72.11979159247191,26.28244588470071,0.0,1991.0,1991.0,-0.84456419868791
P30_ge_0.95,1600,40,40,39,50.0,6.75,0.999803,0.984094,communication_eval,False,p30_upper_bound_below_threshold,0.10473289597000937,54.97500320766125,25.953927783325785,0.0,1982.0,1982.0,-0.8452671040299906
P30_ge_0.95,1600,40,40,39,50.0,2.25,0.999794,0.984064,communication_eval,False,p30_upper_bound_below_threshold,0.10613870665417058,55.288307883351195,25.986792729947858,0.0,2000.0,2000.0,-0.8438612933458294
P30_ge_0.95,1600,40,40,39,50.0,0.0,0.999808,0.9839,communication_eval,False,p30_upper_bound_below_threshold,0.102077475788816,55.2011105645459,26.022197343592712,0.0,1948.0,1948.0,-0.847922524211184
P30_ge_0.95,1600,160,10,26,50.25,9.0,0.999685,0.972025,communication_eval,False,p30_upper_bound_below_threshold,0.014136207435176507,299.15894918149706,84.96568239738534,0.0,822.0,822.0,-0.9358637925648234
P30_ge_0.95,1600,160,10,26,50.25,18.0,0.999736,0.972023,communication_eval,False,p30_upper_bound_below_threshold,0.013433302093095907,181.53258912981283,85.68322715296372,0.0,813.0,813.0,-0.936566697906904
P30_ge_0.95,1600,160,10,26,50.25,27.0,0.999729,0.972019,communication_eval,False,p30_upper_bound_below_threshold,0.013823805060918463,242.29503011947824,85.00285773194024,0.02689486552567237,796.0,818.0,-0.9361761949390814
P30_ge_0.95,1600,160,10,26,50.25,0.0,0.999736,0.971921,communication_eval,False,p30_upper_bound_below_threshold,0.013511402686660418,292.55142943043217,85.13451772078335,0.0,814.0,814.0,-0.9364885973133396
P30_ge_0.95,1620,135,12,90,50.0,7.5,1.0,0.994183,communication_eval,False,p30_upper_bound_below_threshold,0.01358950328022493,178.80685995356032,81.02619423823342,0.0,815.0,815.0,-0.936410496719775
P30_ge_0.95,1620,135,12,91,50.25,7.5,0.999991,0.993281,communication_eval,False,p30_upper_bound_below_threshold,0.015229615745079663,223.11887620289787,78.17456689548393,0.0,836.0,836.0,-0.9347703842549203
P30_ge_0.95,1620,135,12,91,49.75,7.5,1.0,0.993274,communication_eval,False,p30_upper_bound_below_threshold,0.01358950328022493,222.8339255460873,83.05693784360214,0.0,815.0,815.0,-0.936410496719775
P30_ge_0.95,1620,135,12,90,50.0,15.0,0.999766,0.993268,communication_eval,False,p30_upper_bound_below_threshold,0.01366760387378944,178.8806797773669,81.13076624972389,0.0,816.0,816.0,-0.9363323961262106
P30_ge_0.95,1620,135,12,90,50.25,7.5,1.0,0.993151,communication_eval,False,p30_upper_bound_below_threshold,0.014526710402999063,178.87188103865807,79.82828690938247,0.0,827.0,827.0,-0.9354732895970009
P30_ge_0.95,1620,135,12,90,50.0,0.0,0.999687,0.993112,communication_eval,False,p30_upper_bound_below_threshold,0.013823805060918463,178.72122454926753,82.23354646331961,0.0,818.0,818.0,-0.9361761949390814
P30_ge_0.95,1620,135,12,90,50.0,22.5,0.999256,0.993099,communication_eval,False,p30_upper_bound_below_threshold,0.01366760387378944,219.8408652069739,83.81510272271102,0.0,816.0,816.0,-0.9363323961262106
P30_ge_0.95,1620,135,12,91,49.75,0.0,1.0,0.993085,communication_eval,False,p30_upper_bound_below_threshold,0.014214308028741018,180.03449206890863,82.0782450703736,0.0,823.0,823.0,-0.9357856919712589
P30_ge_0.95,1620,135,12,91,50.25,0.0,0.999995,0.993068,communication_eval,False,p30_upper_bound_below_threshold,0.014761012183692596,180.15787155725332,78.90393987556074,0.0,830.0,830.0,-0.9352389878163073
P30_ge_0.95,1620,135,12,91,49.75,22.5,1.0,0.993055,communication_eval,False,p30_upper_bound_below_threshold,0.013511402686660418,246.1789061483407,83.42805666712091,0.0,814.0,814.0,-0.9364885973133396
P30_ge_0.95,1620,135,12,91,49.75,15.0,1.0,0.993004,communication_eval,False,p30_upper_bound_below_threshold,0.013980006248047485,180.3318420290357,81.69758884147323,0.0,820.0,820.0,-0.9360199937519524
P30_ge_0.95,1620,135,12,91,50.25,15.0,0.999995,0.99285,communication_eval,False,p30_upper_bound_below_threshold,0.015307716338644174,180.28269258448339,78.178697782061,0.0,837.0,837.0,-0.9346922836613558
P30_ge_0.95,1620,135,12,90,50.25,15.0,0.999725,0.992636,communication_eval,False,p30_upper_bound_below_threshold,0.014448609809434552,178.9477895500736,79.5354788585701,0.0,826.0,826.0,-0.9355513901905654
P30_ge_0.95,1620,135,12,91,50.25,22.5,0.999981,0.992612,communication_eval,False,p30_upper_bound_below_threshold,0.014682911590128085,222.83005965853818,79.8743672237585,0.0,829.0,829.0,-0.9353170884098718
P30_ge_0.95,1620,135,12,90,50.25,0.0,0.999568,0.992441,communication_eval,False,p30_upper_bound_below_threshold,0.014526710402999063,178.78591921233846,79.47438309441812,0.0,827.0,827.0,-0.9354732895970009
P30_ge_0.95,1620,135,12,90,49.75,7.5,1.0,0.992378,communication_eval,False,p30_upper_bound_below_threshold,0.013120899718837863,179.29048593914627,83.13861397786151,0.0,809.0,809.0,-0.9368791002811621
P30_ge_0.95,1620,36,45,24,50.0,2.0,0.999961,0.992342,communication_eval,False,p30_upper_bound_below_threshold,0.1013745704467354,59.55610569097461,26.99433842182134,0.0,1939.0,1939.0,-0.8486254295532646
P30_ge_0.95,1620,36,45,24,50.0,0.0,0.999971,0.992266,communication_eval,False,p30_upper_bound_below_threshold,0.10293658231802562,49.37639526869585,26.933030426401885,0.0,1959.0,1959.0,-0.8470634176819744
P30_ge_0.95,1620,36,45,24,50.0,6.0,0.999976,0.992229,communication_eval,False,p30_upper_bound_below_threshold,0.09825054670415495,53.70999276920679,27.030180869872694,0.0,1899.0,1899.0,-0.851749453295845
P30_ge_0.95,1620,135,12,90,49.75,15.0,0.999921,0.992188,communication_eval,False,p30_upper_bound_below_threshold,0.01288659793814433,179.06448337825475,84.211021687258,0.0,806.0,806.0,-0.9371134020618557
P30_ge_0.95,1620,36,45,24,50.0,4.0,0.999971,0.992181,communication_eval,False,p30_upper_bound_below_threshold,0.10293658231802562,50.02565986891112,26.723732446039328,0.0,1959.0,1959.0,-0.8470634176819744
P30_ge_0.95,1620,135,12,90,50.25,22.5,0.999136,0.992126,communication_eval,False,p30_upper_bound_below_threshold,0.014682911590128085,219.9802032573106,81.87335044949091,0.0,829.0,829.0,-0.9353170884098718
P30_ge_0.95,1620,135,12,90,49.75,0.0,0.999689,0.991901,communication_eval,False,p30_upper_bound_below_threshold,0.013120899718837863,178.69293850849772,83.71971368163264,0.0,809.0,809.0,-0.9368791002811621
P30_ge_0.95,1620,135,12,90,49.75,22.5,0.999453,0.99163,communication_eval,False,p30_upper_bound_below_threshold,0.012417994376757264,223.47057460922343,87.269060978638,0.0,800.0,800.0,-0.9375820056232427
P30_ge_0.95,1620,135,12,90,51.0,7.5,1.0,0.990599,communication_eval,False,p30_upper_bound_below_threshold,0.016557325835676352,178.73138227236106,74.73957666056029,0.0,853.0,853.0,-0.9334426741643236
P30_ge_0.95,1620,135,12,90,51.0,15.0,0.999647,0.990168,communication_eval,False,p30_upper_bound_below_threshold,0.015542018119337708,178.67782663881349,75.40364779386847,0.0,840.0,840.0,-0.9344579818806622
P30_ge_0.95,1620,36,45,24,51.0,4.0,0.99978,0.989994,communication_eval,False,p30_upper_bound_below_threshold,0.10637300843486411,48.17255262622565,27.777029511724482,0.0,2003.0,2003.0,-0.8436269915651359
P30_ge_0.95,1620,36,45,24,51.0,6.0,0.999771,0.98996,communication_eval,False,p30_upper_bound_below_threshold,0.09692283661355826,56.69512583750619,27.95746634648088,0.0,1882.0,1882.0,-0.8530771633864417
P30_ge_0.95,1620,36,45,24,51.0,0.0,0.999736,0.989948,communication_eval,False,p30_upper_bound_below_threshold,0.10520149953139644,50.45879657049503,27.83914595539845,0.0,1988.0,1988.0,-0.8447985004686035
P30_ge_0.95,1620,36,45,24,51.0,2.0,0.999732,0.989905,communication_eval,False,p30_upper_bound_below_threshold,0.09801624492346142,54.50959161119323,28.024812825446364,0.0,1896.0,1896.0,-0.8519837550765386
P30_ge_0.95,1620,135,12,90,51.0,0.0,0.99949,0.989779,communication_eval,False,p30_upper_bound_below_threshold,0.015932521087160263,178.59935033371283,75.28075028496414,0.0,845.0,845.0,-0.9340674789128397
P30_ge_0.95,1620,36,45,30,50.0,6.0,0.999821,0.988904,communication_eval,False,p30_upper_bound_below_threshold,0.10691971258981568,55.17417534631969,25.29175319033722,0.0,2010.0,2010.0,-0.8430802874101843
P30_ge_0.95,1620,36,45,30,50.0,0.0,0.999763,0.988897,communication_eval,False,p30_upper_bound_below_threshold,0.11066854108091222,65.6752738426943,25.228969036698548,0.0,2058.0,2058.0,-0.8393314589190878
P30_ge_0.95,1620,36,45,30,50.0,2.0,0.999816,0.988876,communication_eval,False,p30_upper_bound_below_threshold,0.10129646985317088,55.912580248319124,25.43263835961241,0.0,1938.0,1938.0,-0.8487035301468291
P30_ge_0.95,1620,36,45,30,50.0,4.0,0.999768,0.98884,communication_eval,False,p30_upper_bound_below_threshold,0.09497032177444549,61.25330932121229,25.61325757620228,0.0,1857.0,1857.0,-0.8550296782255544
P30_ge_0.95,1620,60,27,10,50.0,3.333,0.999889,0.98863,communication_eval,False,p30_upper_bound_below_threshold,0.03420805998125586,89.82250915169435,39.7881048020994,0.0,1079.0,1079.0,-0.9157919400187441
P30_ge_0.95,1620,60,27,10,50.0,10.0,0.999898,0.988563,communication_eval,False,p30_upper_bound_below_threshold,0.035770071852546076,107.34214360650064,39.674976160449475,0.0,1099.0,1099.0,-0.9142299281474539
P30_ge_0.95,1620,60,27,10,50.0,6.667,0.999922,0.988517,communication_eval,False,p30_upper_bound_below_threshold,0.03319275226491721,119.35228523373057,40.48013683936888,0.0,1066.0,1066.0,-0.9168072477350827
P30_ge_0.95,1620,60,27,10,50.0,0.0,0.999903,0.98843,communication_eval,False,p30_upper_bound_below_threshold,0.03420805998125586,116.05879280924644,40.68663005885647,0.0,1079.0,1079.0,-0.9157919400187441
P30_ge_0.95,1620,90,18,21,49.75,5.0,1.0,0.988029,communication_eval,False,p30_upper_bound_below_threshold,0.018509840674789127,171.61964912038962,60.52861917027134,0.0,878.0,878.0,-0.9314901593252108
P30_ge_0.95,1620,90,18,21,49.75,15.0,1.0,0.987997,communication_eval,False,p30_upper_bound_below_threshold,0.016713527022805375,174.077931661827,60.99392144032459,0.0,855.0,855.0,-0.9332864729771946
P30_ge_0.95,1620,90,18,21,49.75,10.0,1.0,0.987991,communication_eval,False,p30_upper_bound_below_threshold,0.018587941268353638,177.1000117101399,60.11781313717076,0.0,879.0,879.0,-0.9314120587316463
P30_ge_0.95,1620,90,18,21,49.75,0.0,1.0,0.987967,communication_eval,False,p30_upper_bound_below_threshold,0.01718213058419244,164.8612750105654,60.08531280001506,0.0,861.0,861.0,-0.9328178694158075
P30_ge_0.95,1620,90,18,21,50.25,5.0,1.0,0.987184,communication_eval,False,p30_upper_bound_below_threshold,0.02085285848172446,171.1924046645771,58.23157174343627,0.0,908.0,908.0,-0.9291471415182755
P30_ge_0.95,1620,90,18,21,50.25,0.0,1.0,0.987056,communication_eval,False,p30_upper_bound_below_threshold,0.019759450171821305,165.8869894571744,57.774237487070025,0.0,894.0,894.0,-0.9302405498281786
P30_ge_0.95,1620,90,18,21,50.25,10.0,1.0,0.986968,communication_eval,False,p30_upper_bound_below_threshold,0.019759450171821305,176.64853639581239,59.26635726696651,0.0,894.0,894.0,-0.9302405498281786
P30_ge_0.95,1620,90,18,22,49.75,0.0,1.0,0.986743,communication_eval,False,p30_upper_bound_below_threshold,0.017572633552014997,173.53888404426152,61.98361772658259,0.0,866.0,866.0,-0.932427366447985
P30_ge_0.95,1620,90,18,21,50.25,15.0,1.0,0.986719,communication_eval,False,p30_upper_bound_below_threshold,0.020462355513901905,173.6447479739525,56.72629084672376,0.0,903.0,903.0,-0.9295376444860981
P30_ge_0.95,1620,90,18,22,49.75,5.0,1.0,0.986588,communication_eval,False,p30_upper_bound_below_threshold,0.016947828803498908,178.68021319496262,63.28715137580873,0.0,858.0,858.0,-0.9330521711965011
P30_ge_0.95,1620,90,18,22,49.75,15.0,1.0,0.986587,communication_eval,False,p30_upper_bound_below_threshold,0.01772883473914402,176.03643874737918,62.30964469874267,0.0,868.0,868.0,-0.932271165260856
P30_ge_0.95,1620,90,18,22,49.75,10.0,1.0,0.986579,communication_eval,False,p30_upper_bound_below_threshold,0.01569821930646673,175.97851712521472,62.788489487695486,0.0,842.0,842.0,-0.9343017806935332
P30_ge_0.95,1620,135,12,89,49.75,0.0,0.999943,0.98646,communication_eval,False,p30_upper_bound_below_threshold,0.01366760387378944,180.71650505650365,84.51430302871233,0.0,816.0,816.0,-0.9363323961262106
P30_ge_0.95,1620,135,12,89,49.75,22.5,0.999938,0.986417,communication_eval,False,p30_upper_bound_below_threshold,0.01288659793814433,180.78792757329,84.84866872008222,0.0,806.0,806.0,-0.9371134020618557
P30_ge_0.95,1620,135,12,89,49.75,15.0,0.999952,0.986237,communication_eval,False,p30_upper_bound_below_threshold,0.014136207435176507,180.7327165990644,82.6397508404266,0.0,822.0,822.0,-0.9358637925648234
P30_ge_0.95,1620,135,12,89,49.75,7.5,0.999933,0.986003,communication_eval,False,p30_upper_bound_below_threshold,0.01437050921587004,180.73231161491094,83.51980013257409,0.0,825.0,825.0,-0.9356294907841299
P30_ge_0.95,1620,90,18,22,50.0,15.0,1.0,0.985899,communication_eval,False,p30_upper_bound_below_threshold,0.018197438300531082,175.8087711716937,61.337449281441685,0.0,874.0,874.0,-0.9318025616994688
P30_ge_0.95,1620,90,18,22,50.0,0.0,1.0,0.985853,communication_eval,False,p30_upper_bound_below_threshold,0.019212746016869727,171.0871716472444,59.83489462094738,0.0,887.0,887.0,-0.9307872539831302
P30_ge_0.95,1620,90,18,22,50.0,10.0,1.0,0.985778,communication_eval,False,p30_upper_bound_below_threshold,0.015854420493595752,175.74866450110798,62.11263019899153,0.0,844.0,844.0,-0.9341455795064042
P30_ge_0.95,1620,90,18,22,50.0,5.0,1.0,0.985719,communication_eval,False,p30_upper_bound_below_threshold,0.01874414245548266,178.44417535265623,61.05682236977166,0.0,881.0,881.0,-0.9312558575445173
P30_ge_0.95,1620,135,12,89,50.25,22.5,0.999995,0.985719,communication_eval,False,p30_upper_bound_below_threshold,0.01577631990003124,178.02115667623966,80.70230760012153,0.0,843.0,843.0,-0.9342236800999687
P30_ge_0.95,1620,135,12,89,50.25,0.0,0.999995,0.985652,communication_eval,False,p30_upper_bound_below_threshold,0.015620118712902219,177.94545582583066,80.44770918182891,0.0,841.0,841.0,-0.9343798812870977
P30_ge_0.95,1620,135,12,89,50.25,15.0,1.0,0.985309,communication_eval,False,p30_upper_bound_below_threshold,0.016557325835676352,178.00328088571774,79.96654620162673,0.0,853.0,853.0,-0.9334426741643236
P30_ge_0.95,1620,135,12,89,50.25,7.5,0.99999,0.985146,communication_eval,False,p30_upper_bound_below_threshold,0.015854420493595752,177.94816047359723,80.9551542229318,0.0,844.0,844.0,-0.9341455795064042
P30_ge_0.95,1620,90,18,22,50.25,15.0,1.0,0.98498,communication_eval,False,p30_upper_bound_below_threshold,0.019056544829740705,175.58319216828556,59.8973417314074,0.0,885.0,885.0,-0.9309434551702592
P30_ge_0.95,1620,90,18,22,50.25,0.0,1.0,0.98486,communication_eval,False,p30_upper_bound_below_threshold,0.020618556701030927,170.88784061025137,58.88245032222417,0.0,905.0,905.0,-0.929381443298969
P30_ge_0.95,1620,90,18,22,50.25,5.0,1.0,0.984813,communication_eval,False,p30_upper_bound_below_threshold,0.01944704779756326,175.74153906014868,59.608322364602095,0.0,890.0,890.0,-0.9305529522024367
P30_ge_0.95,1620,90,18,22,50.25,10.0,1.0,0.984711,communication_eval,False,p30_upper_bound_below_threshold,0.01718213058419244,175.52087777968012,59.86702648774135,0.0,861.0,861.0,-0.9328178694158075
P30_ge_0.95,1620,60,27,10,51.0,6.667,0.999995,0.983057,communication_eval,False,p30_upper_bound_below_threshold,0.039206497969384566,118.4714795517647,38.314854963039345,0.0,1143.0,1143.0,-0.9107935020306154
P30_ge_0.95,1620,60,27,10,51.0,0.0,0.99999,0.983042,communication_eval,False,p30_upper_bound_below_threshold,0.04029990627928772,115.17831931336957,37.65223717622362,0.0,1157.0,1157.0,-0.9097000937207123
P30_ge_0.95,1620,60,27,10,51.0,10.0,0.999985,0.982924,communication_eval,False,p30_upper_bound_below_threshold,0.0415495157763199,114.24174829475923,37.516432757918665,0.0,1173.0,1173.0,-0.90845048422368
P30_ge_0.95,1620,60,27,10,51.0,3.333,0.999981,0.982905,communication_eval,False,p30_upper_bound_below_threshold,0.03928459856294908,142.94398219486706,37.78697517264782,0.0,1144.0,1144.0,-0.9107154014370509
P30_ge_0.95,1620,90,18,23,49.75,0.0,1.0,0.980854,communication_eval,False,p30_upper_bound_below_threshold,0.01811933770696657,176.46145814052053,62.566725192988265,0.0,873.0,873.0,-0.9318806622930333
P30_ge_0.95,1620,90,18,23,49.75,5.0,1.0,0.98071,communication_eval,False,p30_upper_bound_below_threshold,0.01702592939706342,176.27502552441965,63.76655401646426,0.0,859.0,859.0,-0.9329740706029366
P30_ge_0.95,1620,90,18,23,49.75,10.0,1.0,0.980638,communication_eval,False,p30_upper_bound_below_threshold,0.017650734145579508,175.22365220329846,63.18951625343068,0.0,867.0,867.0,-0.9323492658544205
P30_ge_0.95,1620,90,18,23,49.75,15.0,1.0,0.980479,communication_eval,False,p30_upper_bound_below_threshold,0.016947828803498908,178.2429630464312,64.46495440803302,0.0,858.0,858.0,-0.9330521711965011
P30_ge_0.95,1620,90,18,23,50.25,15.0,1.0,0.980124,communication_eval,False,p30_upper_bound_below_threshold,0.01874414245548266,176.06892901777186,62.73542620730853,0.0,881.0,881.0,-0.9312558575445173
P30_ge_0.95,1620,90,18,23,50.25,5.0,1.0,0.980028,communication_eval,False,p30_upper_bound_below_threshold,0.01874414245548266,175.8262212544025,61.16304375566572,0.0,881.0,881.0,-0.9312558575445173
P30_ge_0.95,1620,90,18,23,50.25,10.0,1.0,0.979915,communication_eval,False,p30_upper_bound_below_threshold,0.019837550765385816,174.78099827022942,60.988606949328556,0.0,895.0,895.0,-0.9301624492346141
P30_ge_0.95,1620,90,18,23,50.25,0.0,1.0,0.979892,communication_eval,False,p30_upper_bound_below_threshold,0.019759450171821305,176.01223118347937,59.774569393177,0.0,894.0,894.0,-0.9302405498281786
P30_ge_0.95,1620,36,45,18,51.0,4.0,0.99908,0.978059,communication_eval,False,p30_upper_bound_below_threshold,0.10309278350515463,48.21261085351324,26.369684664564048,0.0,1961.0,1961.0,-0.8469072164948453
P30_ge_0.95,1620,36,45,18,51.0,0.0,0.999085,0.978023,communication_eval,False,p30_upper_bound_below_threshold,0.10395189003436427,46.41310617111098,26.30953959933746,0.0,1972.0,1972.0,-0.8460481099656357
P30_ge_0.95,1620,36,45,18,51.0,6.0,0.999051,0.977972,communication_eval,False,p30_upper_bound_below_threshold,0.10379568884723524,47.78134263344892,26.335617426793245,0.0,1970.0,1970.0,-0.8462043111527647
P30_ge_0.95,1620,36,45,18,51.0,2.0,0.999075,0.97785,communication_eval,False,p30_upper_bound_below_threshold,0.10613870665417058,46.448954952226025,26.318808925390886,0.0,2000.0,2000.0,-0.8438612933458294
P30_ge_0.95,1620,36,45,35,50.0,2.0,0.999144,0.974333,communication_eval,False,p30_upper_bound_below_threshold,0.10231177756950953,51.86868062879371,25.065319074789898,0.0,1951.0,1951.0,-0.8476882224304905
P30_ge_0.95,1620,36,45,35,50.0,4.0,0.999129,0.974214,communication_eval,False,p30_upper_bound_below_threshold,0.10199937519525148,50.78040202420994,25.018248627254977,0.0,1947.0,1947.0,-0.8480006248047485
P30_ge_0.95,1620,36,45,35,50.0,0.0,0.999115,0.974129,communication_eval,False,p30_upper_bound_below_threshold,0.10606060606060606,49.32975123655814,24.93347767198591,0.0,1999.0,1999.0,-0.8439393939393939
P30_ge_0.95,1620,36,45,35,50.0,6.0,0.99911,0.974116,communication_eval,False,p30_upper_bound_below_threshold,0.10199937519525148,59.39261242105518,25.033513316152575,0.0,1947.0,1947.0,-0.8480006248047485
P30_ge_0.95,1640,40,41,34,50.25,0.0,1.0,0.993529,communication_eval,False,p30_upper_bound_below_threshold,0.11066854108091222,64.6835007498763,26.080837039497872,0.0,2058.0,2058.0,-0.8393314589190878
P30_ge_0.95,1640,40,41,34,50.25,4.39,1.0,0.993524,communication_eval,False,p30_upper_bound_below_threshold,0.11066854108091222,64.75192473093051,25.975722986680974,0.0,2058.0,2058.0,-0.8393314589190878
P30_ge_0.95,1640,40,41,34,49.75,4.39,1.0,0.993489,communication_eval,False,p30_upper_bound_below_threshold,0.10067166510465479,60.205497484202745,26.315909297642587,0.0,1930.0,1930.0,-0.8493283348953452
P30_ge_0.95,1640,40,41,32,50.25,6.585,0.999957,0.993481,communication_eval,False,p30_upper_bound_below_threshold,0.07630427991252733,59.70933519523113,29.411769148062874,0.0,1618.0,1618.0,-0.8736957200874726
P30_ge_0.95,1640,40,41,34,50.25,6.585,0.999995,0.993439,communication_eval,False,p30_upper_bound_below_threshold,0.11324586066854109,79.98325771054394,25.92861999255421,0.0,2091.0,2091.0,-0.8367541393314588
P30_ge_0.95,1640,40,41,34,49.75,0.0,1.0,0.993436,communication_eval,False,p30_upper_bound_below_threshold,0.10067166510465479,57.27031266426493,26.321765470831497,0.0,1930.0,1930.0,-0.8493283348953452
P30_ge_0.95,1640,40,41,32,50.25,0.0,0.999918,0.993388,communication_eval,False,p30_upper_bound_below_threshold,0.0795845048422368,63.83118925955986,29.372773370964097,0.0,1660.0,1660.0,-0.8704154951577632
P30_ge_0.95,1640,40,41,34,50.25,2.195,0.99999,0.993376,communication_eval,False,p30_upper_bound_below_threshold,0.10715401437050921,76.9338793929781,26.30658719038278,0.0,2013.0,2013.0,-0.8428459856294908
P30_ge_0.95,1640,40,41,32,50.25,2.195,0.999942,0.993358,communication_eval,False,p30_upper_bound_below_threshold,0.07685098406747891,63.82093671214722,29.48648732659147,0.0,1625.0,1625.0,-0.873149015932521
P30_ge_0.95,1640,40,41,34,49.75,2.195,0.999995,0.993341,communication_eval,False,p30_upper_bound_below_threshold,0.09746954076850985,70.62111428006851,26.66161032433331,0.0,1889.0,1889.0,-0.8525304592314901
P30_ge_0.95,1640,40,41,32,50.25,4.39,0.999928,0.99334,communication_eval,False,p30_upper_bound_below_threshold,0.0760699781318338,64.46421821372547,29.554599930923047,0.0,1615.0,1615.0,-0.8739300218681662
P30_ge_0.95,1640,40,41,34,49.75,6.585,1.0,0.993333,communication_eval,False,p30_upper_bound_below_threshold,0.09832864729771947,73.84788421487941,26.368920663991883,0.0,1900.0,1900.0,-0.8516713527022804
P30_ge_0.95,1640,40,41,33,50.0,2.195,1.0,0.993202,communication_eval,False,p30_upper_bound_below_threshold,0.10691971258981568,48.19176735425911,25.712531183063117,0.0,2010.0,2010.0,-0.8430802874101843
P30_ge_0.95,1640,40,41,33,50.0,0.0,1.0,0.993175,communication_eval,False,p30_upper_bound_below_threshold,0.10535770071852546,60.35701908092567,25.95979350708933,0.0,1990.0,1990.0,-0.8446422992814745
P30_ge_0.95,1640,40,41,33,50.0,4.39,1.0,0.993153,communication_eval,False,p30_upper_bound_below_threshold,0.10481099656357389,65.24482853143279,25.850895654813737,0.0,1983.0,1983.0,-0.8451890034364261
P30_ge_0.95,1640,40,41,33,50.0,6.585,1.0,0.993082,communication_eval,False,p30_upper_bound_below_threshold,0.1013745704467354,62.899521312158534,25.897281518085702,0.0,1939.0,1939.0,-0.8486254295532646
P30_ge_0.95,1640,40,41,33,50.25,2.195,1.0,0.992653,communication_eval,False,p30_upper_bound_below_threshold,0.10613870665417058,49.15311363917867,26.475748194115432,0.0,2000.0,2000.0,-0.8438612933458294
P30_ge_0.95,1640,40,41,33,50.25,0.0,1.0,0.992649,communication_eval,False,p30_upper_bound_below_threshold,0.10606060606060606,60.17608113619084,26.631316809971807,0.0,1999.0,1999.0,-0.8439393939393939
P30_ge_0.95,1640,40,41,33,50.25,4.39,1.0,0.992569,communication_eval,False,p30_upper_bound_below_threshold,0.10309278350515463,65.04922506772664,26.537308524775128,0.0,1961.0,1961.0,-0.8469072164948453
P30_ge_0.95,1640,40,41,33,50.25,6.585,1.0,0.992439,communication_eval,False,p30_upper_bound_below_threshold,0.10145267104029991,62.717714397387965,26.638937931193535,0.0,1940.0,1940.0,-0.8485473289597001
P30_ge_0.95,1640,40,41,32,49.75,4.39,1.0,0.992297,communication_eval,False,p30_upper_bound_below_threshold,0.07208684786004374,64.83622637783594,30.118763601830185,0.0,1564.0,1564.0,-0.8779131521399562
P30_ge_0.95,1640,40,41,32,49.75,0.0,0.999995,0.992241,communication_eval,False,p30_upper_bound_below_threshold,0.07216494845360824,58.41297769363439,30.027783309441883,0.0,1565.0,1565.0,-0.8778350515463917
P30_ge_0.95,1640,40,41,33,49.75,0.0,1.0,0.992237,communication_eval,False,p30_upper_bound_below_threshold,0.10691971258981568,68.93278261662616,25.360161069327123,0.0,2010.0,2010.0,-0.8430802874101843
P30_ge_0.95,1640,40,41,33,49.75,2.195,1.0,0.992153,communication_eval,False,p30_upper_bound_below_threshold,0.10723211496407373,47.55592812203751,25.1535141145065,0.0,2014.0,2014.0,-0.8427678850359263
P30_ge_0.95,1640,40,41,32,49.75,2.195,0.99999,0.992135,communication_eval,False,p30_upper_bound_below_threshold,0.07302405498281787,60.09289841999199,30.05105565061114,0.0,1576.0,1576.0,-0.8769759450171821
P30_ge_0.95,1640,40,41,33,49.75,6.585,1.0,0.992042,communication_eval,False,p30_upper_bound_below_threshold,0.10395189003436427,63.08385259072388,25.446866316420746,0.0,1972.0,1972.0,-0.8460481099656357
P30_ge_0.95,1640,40,41,33,49.75,4.39,1.0,0.992,communication_eval,False,p30_upper_bound_below_threshold,0.10535770071852546,65.44270155894013,25.338340487216506,0.0,1990.0,1990.0,-0.8446422992814745
P30_ge_0.95,1640,40,41,32,49.75,6.585,0.99999,0.991908,communication_eval,False,p30_upper_bound_below_threshold,0.07138394251796314,60.04537056071955,29.991564123314735,0.0,1555.0,1555.0,-0.8786160574820369
P30_ge_0.95,1640,40,41,39,50.0,6.585,0.99977,0.991897,communication_eval,False,p30_upper_bound_below_threshold,0.10746641674476726,67.9956728103648,25.590718725338988,0.0,2017.0,2017.0,-0.8425335832552328
P30_ge_0.95,1640,40,41,39,50.0,0.0,0.999761,0.991887,communication_eval,False,p30_upper_bound_below_threshold,0.1007497656982193,67.70559779626211,25.944333643136417,0.0,1931.0,1931.0,-0.8492502343017807
P30_ge_0.95,1640,40,41,39,50.0,4.39,0.999765,0.991886,communication_eval,False,p30_upper_bound_below_threshold,0.1062949078412996,67.6209327306719,25.72279417568787,0.0,2002.0,2002.0,-0.8437050921587004
P30_ge_0.95,1640,40,41,39,50.0,2.195,0.999785,0.991718,communication_eval,False,p30_upper_bound_below_threshold,0.10660731021555764,63.820514998728235,25.915934595840238,0.0,2006.0,2006.0,-0.8433926897844424
P30_ge_0.95,1640,40,41,33,51.0,4.39,1.0,0.991074,communication_eval,False,p30_upper_bound_below_threshold,0.08091221493283349,64.47793725968155,28.779407578171075,0.0,1677.0,1677.0,-0.8690877850671664
P30_ge_0.95,1640,40,41,33,51.0,6.585,1.0,0.991048,communication_eval,False,p30_upper_bound_below_threshold,0.08419243986254296,67.2727656184528,28.8395934743274,0.0,1719.0,1719.0,-0.865807560137457
P30_ge_0.95,1640,40,41,33,51.0,0.0,1.0,0.991045,communication_eval,False,p30_upper_bound_below_threshold,0.08716026241799438,59.39236016175253,28.79544941054564,0.0,1757.0,1757.0,-0.8628397375820056
P30_ge_0.95,1640,40,41,33,51.0,2.195,1.0,0.990863,communication_eval,False,p30_upper_bound_below_threshold,0.08723836301155889,58.98468965182952,28.77683551620441,0.0,1758.0,1758.0,-0.8627616369884411
P30_ge_0.95,1640,41,40,34,50.0,4.5,1.0,0.990483,communication_eval,False,p30_upper_bound_below_threshold,0.07513277100905967,57.68707576897061,29.881127669385403,0.0,1603.0,1603.0,-0.8748672289909403
P30_ge_0.95,1640,41,40,34,50.0,6.75,1.0,0.990469,communication_eval,False,p30_upper_bound_below_threshold,0.07450796626054358,66.73890392715536,30.185196647975893,0.0,1595.0,1595.0,-0.8754920337394564
P30_ge_0.95,1640,41,40,34,50.0,2.25,1.0,0.990449,communication_eval,False,p30_upper_bound_below_threshold,0.07388316151202749,68.5173067959861,30.11681842540183,0.0,1587.0,1587.0,-0.8761168384879725
P30_ge_0.95,1640,41,40,34,50.0,0.0,1.0,0.990448,communication_eval,False,p30_upper_bound_below_threshold,0.07731958762886598,58.83450206532861,29.818417453165978,0.0,1631.0,1631.0,-0.872680412371134
P30_ge_0.95,1640,40,41,1,50.0,2.195,1.0,0.989467,communication_eval,False,p30_upper_bound_below_threshold,0.10356138706654171,64.91707755357147,25.5967509614021,0.0,1967.0,1967.0,-0.8464386129334582
P30_ge_0.95,1640,40,41,1,50.0,4.39,1.0,0.98935,communication_eval,False,p30_upper_bound_below_threshold,0.10145267104029991,61.967792466126916,25.54358339017262,0.0,1940.0,1940.0,-0.8485473289597001
P30_ge_0.95,1640,40,41,1,50.0,0.0,1.0,0.989339,communication_eval,False,p30_upper_bound_below_threshold,0.10543580131208997,53.214928731411376,25.555798193753514,0.0,1991.0,1991.0,-0.84456419868791
P30_ge_0.95,1640,41,40,40,50.0,0.0,0.999976,0.989305,communication_eval,False,p30_upper_bound_below_threshold,0.10231177756950953,54.849666560100864,26.080463714456297,0.0,1951.0,1951.0,-0.8476882224304905
P30_ge_0.95,1640,40,41,1,50.0,6.585,1.0,0.989294,communication_eval,False,p30_upper_bound_below_threshold,0.10067166510465479,62.33464570523273,25.61644494243302,0.0,1930.0,1930.0,-0.8493283348953452
P30_ge_0.95,1640,41,40,40,50.0,6.75,0.99999,0.989269,communication_eval,False,p30_upper_bound_below_threshold,0.10660731021555764,63.85589018261349,26.082477751403815,0.0,2006.0,2006.0,-0.8433926897844424
P30_ge_0.95,1640,40,41,39,51.0,6.585,1.0,0.98926,communication_eval,False,p30_upper_bound_below_threshold,0.1175413933145892,68.53091895407424,25.33104723729616,0.0,2146.0,2146.0,-0.8324586066854107
P30_ge_0.95,1640,40,41,39,51.0,4.39,1.0,0.989191,communication_eval,False,p30_upper_bound_below_threshold,0.11426116838487972,68.2198050992975,25.543637983731713,0.0,2104.0,2104.0,-0.8357388316151202
P30_ge_0.95,1640,40,41,39,51.0,2.195,1.0,0.989142,communication_eval,False,p30_upper_bound_below_threshold,0.11785379568884724,57.023669593124716,25.29645314525762,0.0,2150.0,2150.0,-0.8321462043111527
P30_ge_0.95,1640,41,40,40,50.0,2.25,0.999986,0.989141,communication_eval,False,p30_upper_bound_below_threshold,0.10067166510465479,54.688436274183346,26.086570490904812,0.0,1930.0,1930.0,-0.8493283348953452
P30_ge_0.95,1640,40,41,39,51.0,0.0,1.0,0.989139,communication_eval,False,p30_upper_bound_below_threshold,0.10621680724773508,68.30242489571316,25.47938158839366,0.0,2001.0,2001.0,-0.8437831927522649
P30_ge_0.95,1640,41,40,40,50.0,4.5,0.999995,0.989121,communication_eval,False,p30_upper_bound_below_threshold,0.10527960012496095,58.19779321246979,26.05875888035202,0.0,1989.0,1989.0,-0.844720399875039
P30_ge_0.95,1640,41,40,1,50.0,4.5,1.0,0.98872,communication_eval,False,p30_upper_bound_below_threshold,0.1013745704467354,69.37572564439182,26.025439775745863,0.0,1939.0,1939.0,-0.8486254295532646
P30_ge_0.95,1640,41,40,1,50.0,2.25,1.0,0.988537,communication_eval,False,p30_upper_bound_below_threshold,0.10606060606060606,58.36855938745793,25.849952148075136,0.0,1999.0,1999.0,-0.8439393939393939
P30_ge_0.95,1640,41,40,1,50.0,6.75,1.0,0.98848,communication_eval,False,p30_upper_bound_below_threshold,0.10387378944079975,54.143660787077174,25.73190779310881,0.0,1971.0,1971.0,-0.8461262105592002
P30_ge_0.95,1640,41,40,1,50.0,0.0,1.0,0.988412,communication_eval,False,p30_upper_bound_below_threshold,0.10387378944079975,58.138038817701016,25.747305156298722,0.0,1971.0,1971.0,-0.8461262105592002
